Designator,Footprint,Quantity,Value,LCSC Part #
"C1, C3, C4, C5, C6, C7",0402,6,100pF,C77177
"C10, C13, C9",0402,3,3pF,C88891
"C11, C12, C16, C17, C18, C20, C21, C22, C23, C24, C26, C27, C37, C38, C41, C42, C52, C54, C55, C56, C57, C60, C62, C63, C64, C65, C66",0402,27,0.1uF,C307331
C14,0402,1,200pF,C325462
C15,0402,1,1nF,C106205
"C19, C2, C25, C30, C31, C40, C43, C58, C59, C8",0402,10,1uF,C52923
"C28, C29",0402,2,15pF,C106997
C32,0402,1,22nF,C1532
"C33, C35, C36, C39, C45, C46, C48, C49, C50, C61",0603,10,10uF,C96446
C34,0603,1,22uF,C59461
C44,0402,1,47nF,C272875
C47,0402,1,4.7uF,C23733
"C51, C53",0805,2,22uF,C98190
CARD1,TF-SMD_TF-115-BCP9,1,TF-115-BCP9,C720505
D1,DFN-2_L1.0-W0.6-P0.65-BI,1,TVS,C22464622
"D2, D3",SOT-23-6_L2.9-W1.6-P0.95-LS2.8-BL,2,USBLC6-2SC6,C7519
D4,LED-SMD_L1.6-W1.1-R-RD_WHITE,1,WHITE,C46635136
F1,0402,1,Polyfuse,C53280164
"J1, J2",UFL,2,UFL,C5137195
"L1, L2, L3, L8",0402,4,77nH,C668466
L4,0402,1,10nH,C77103
"L5, L6, L7",L_Changjiang_FTC201610S,3,1.5uH,C5832343
"Q1, Q2",SOT-23,2,AO3401A,C15127
"R1, R12, R14, R20, R23, R24, R25, R28, R30, R31, R32, R34, R35, R36, R37, R38, R39, R40, R41, R44, R45, R46, R7, R8, R9",0402,25,10k,C25744
"R10, R15, R18, R19, R47",0402,5,5.1k,C25905
"R11, R16, R4, R5",0402,4,1k,C11702
"R13, R17",0402,2,27R,C138021
"R2, R3",0402,2,10R,C25077
R21,0402,1,45.3k,C137977
"R22, R42",0402,2,2.7k,C2909332
"R26, R33",0402,2,160R,C2933075
R27,0402,1,330R,C2930002
R29,0402,1,73.2k,C2998163
R43,0402,1,7.5k,C25918
R6,0402,1,100k,C25741
"SW1, SW2, SW4, SW5",SW-SMD_2P-TS24CA,4,TS24CA,C393942
"U1, U4",DFN-8_L2.0-W2.0-P0.50-BL-EP,2,TQP3M9036,C920261
U10,GSM-SMD_ATGM332D-5N31,1,ATGM332D-5N31,C128659
U11,ESP32-S2-MINI-1U,1,ESP32_S3_MINI,C22356044
U12,WIRELM-SMD_E80-900M2212S,1,E80-900M2212S,C55338904
U13,SOT-23-5_L3.0-W1.7-P0.95-LS2.8-BL,1,RT9193-33GB,C15651
U14,SOT-23-6_L2.9-W1.6-P0.95-LS2.8-BL,1,RT8097CHGE,C3031673
U15,LGA-14_L3.0-W2.5-P0.50-BR,1,BMI270,C2836813
U16,LGA-16_L3.0-W3.0-P0.50-BL_SQ,1,MMC5983MA,C404329
U17,VQFN-24_L4.0-W4.0-P0.50-TL-EP2.8,1,BQ25606RGER,C374063
U18,SOT-563_L1.6-W1.2-P0.50-LS1.6-BR,1,TPS61023DRLR,C919459
U19,QFN-20_L3.0-W3.0-P0.40-TL-EP1.7,1,CH32V003F4U6,C5299908
U2,SOT-23-5_L3.0-W1.7-P0.95-LS2.8-BR,1,TLV3201,C105188
U20,XSON-8_L2.0-W1.0-P0.50-BL,1,TXU0202DTTR,C18197534
U21,SOT-23-5_L2.9-W1.6-P0.95-LS2.8-BR,1,TPS7A0230-3V0,C3747031
"U3, U5",FILTER-SMD_6P-L3.8-W3.8-BL,2,TA0970A,C7115531
U6,MSOP-8_L3.0-W3.0-P0.65-LS4.9-BL,1,AD8313ARMZ,C578690
U7,QFN-56-1EP_7x7mm_P0.4mm_EP3.2x3.2mm,1,RP2040,C2040
U8,SOIC-8_L5.3-W5.3-P1.27-LS8.0-BL,1,W25Q128,C97521
U9,CRYSTAL-SMD_4P-L3.2-W2.5-BL,1,12MHz,C20625731
"USB1, USB2",USB-C-SMD_TYPE-C-6PIN-2MD-073,2,CONN_USB_C,C2765186
