Designator,Mid X,Mid Y,Rotation,Layer
BT1,117.15,-122.46,0.0,bottom
C1,118.8,-97.74,270.0,bottom
C10,125.6,-106.66,180.0,bottom
C11,123.2,-104.38,180.0,bottom
C12,123.18,-107.93,180.0,bottom
C13,118.3,-103.91,180.0,bottom
C14,114.91,-104.76,270.0,bottom
C15,117.29,-108.14,180.0,bottom
C16,115.82,-99.83,0.0,bottom
C17,113.77,-101.45,180.0,bottom
C18,129.745,-73.1325,0.0,top
C19,129.745,-75.8925,0.0,top
C2,122.25,-97.19,0.0,bottom
C20,129.745,-76.8125,0.0,top
C21,129.745,-74.0525,0.0,top
C22,127.01,-67.52,90.0,top
C23,123.47,-67.52,90.0,top
C24,119.215,-73.173,180.0,top
C25,129.745,-74.9725,0.0,top
C26,119.215,-74.0925,180.0,top
C27,129.745,-72.2125,0.0,top
C28,117.515,-68.2175,180.0,top
C29,117.24,-73.2,0.0,top
C3,124.11,-99.08,180.0,bottom
C30,125.22,-114.42,0.0,bottom
C31,125.55,-109.25,180.0,bottom
C32,123.11,-110.77,90.0,bottom
C33,133.1175,-115.83,180.0,bottom
C34,135.8275,-121.42,180.0,bottom
C35,136.6475,-119.18,90.0,bottom
C36,149.73,-90.86,180.0,top
C37,141.185,-70.4525,270.0,bottom
C38,138.805,-68.5625,180.0,bottom
C39,135.035,-74.5025,90.0,bottom
C4,123.65,-97.65,270.0,bottom
C40,140.815,-75.2625,270.0,bottom
C41,139.845,-75.2625,270.0,bottom
C42,137.275,-72.7725,180.0,bottom
C43,122.8,-112.83,90.0,bottom
C44,120.14,-112.9,0.0,bottom
C45,116.63,-115.68,270.0,bottom
C46,116.63,-118.72,270.0,bottom
C47,120.62,-111.89,0.0,bottom
C48,120.89,-110.6,0.0,bottom
C49,117.85,-110.8,180.0,bottom
C5,130.9,-99.08,180.0,bottom
C50,128.14,-120.48,180.0,bottom
C51,127.63,-116.06,0.0,bottom
C52,125.22,-113.43,0.0,bottom
C53,130.35,-116.78,90.0,bottom
C54,135.37,-111.215,90.0,bottom
C55,129.38,-109.79,180.0,bottom
C56,128.98,-112.32,0.0,bottom
C57,138.03,-94.17,0.0,bottom
C58,137.99,-88.73,180.0,bottom
C59,138.03,-93.2,180.0,bottom
C6,133.44,-104.26125,90.0,bottom
C60,140.15,-100.94,270.0,top
C61,137.3,-102.04,270.0,bottom
C62,137.58,-99.57,90.0,bottom
C63,146.16,-91.13,180.0,top
C64,126.98,-78.1,270.0,top
C65,123.37,-78.1,270.0,top
C66,133.39,-70.8975,180.0,top
C7,132.48,-104.26125,270.0,bottom
C8,134.41,-103.25125,270.0,bottom
C9,125.6,-105.71,180.0,bottom
CARD1,147.5275,-99.36,90.0,top
D1,119.14,-96.46,270.0,bottom
D2,126.46,-119.56,180.0,top
D3,142.35,-119.56,180.0,top
D4,156.44,-80.28,270.0,top
F1,116.38,-95.61,180.0,bottom
J1,118.82,-92.9,0.0,bottom
J2,118.88,-81.86,270.0,bottom
L1,118.33,-95.61,180.0,bottom
L2,122.69,-98.6,270.0,bottom
L3,132.96,-102.82125,0.0,bottom
L4,124.2,-106.18,270.0,bottom
L5,132.9975,-121.56,180.0,bottom
L6,117.85,-112.76,0.0,bottom
L7,126.42,-118.41,90.0,bottom
L8,121.59,-82.34,270.0,bottom
Q1,114.81,-94.14,90.0,bottom
Q2,137.42,-114.13,270.0,bottom
R1,114.23,-91.64,0.0,bottom
R10,126.06,-125.08,270.0,bottom
R11,119.655,-71.7325,270.0,top
R12,128.3,-65.7775,180.0,top
R13,127.42,-116.27,90.0,top
R14,119.195,-75.023,180.0,top
R15,127.09,-125.08,270.0,bottom
R16,128.06,-67.2875,270.0,top
R17,125.51,-116.27,90.0,top
R18,142.07,-125.06,270.0,bottom
R19,143.16,-125.06,270.0,bottom
R2,123.2,-103.41,0.0,bottom
R20,135.4075,-117.84,90.0,bottom
R21,135.4075,-119.76,90.0,bottom
R22,142.45,-75.68,0.0,bottom
R23,119.45,-120.32,180.0,bottom
R24,119.45,-119.32,0.0,bottom
R25,121.39,-121.33,180.0,bottom
R26,122.34,-119.84,90.0,bottom
R27,120.94,-119.86,90.0,bottom
R28,130.17,-119.5,270.0,bottom
R29,131.17,-119.5,90.0,bottom
R3,123.17,-108.89,0.0,bottom
R30,138.43,-117.72,180.0,bottom
R31,137.91,-116.61,180.0,bottom
R32,136.84,-111.6,0.0,bottom
R33,135.84,-112.64,0.0,bottom
R34,128.94,-114.27,180.0,bottom
R35,139.68,-103.71,180.0,top
R36,139.68,-104.81,180.0,top
R37,139.68,-97.11,180.0,top
R38,139.68,-98.21,180.0,top
R39,139.68,-99.31,180.0,top
R4,115.88,-106.69,90.0,bottom
R40,139.68,-105.91,180.0,top
R41,137.56,-104.53,270.0,bottom
R42,141.93,-76.7,0.0,bottom
R43,146.16,-90.08,180.0,top
R44,147.67,-90.54,90.0,top
R45,154.84,-78.26,180.0,bottom
R46,154.88,-95.85,180.0,bottom
R47,154.72,-81.95,0.0,top
R5,116.85,-104.78,90.0,bottom
R6,114.21,-102.88,90.0,bottom
R7,115.87,-104.78,90.0,bottom
R8,116.85,-106.69,270.0,bottom
R9,113.75,-100.47,180.0,bottom
SW1,155.9745,-68.439942,270.0,top
SW2,112.6825,-86.440017,90.0,top
SW4,112.6825,-74.440034,90.0,top
SW5,112.6825,-62.440051,90.0,top
TP1,124.71,-74.97,0.0,bottom
TP10,153.19,-78.26,0.0,bottom
TP11,151.91,-95.98,0.0,bottom
TP12,134.24,-124.46,0.0,bottom
TP13,125.3,-102.04,0.0,bottom
TP14,126.96,-114.19,0.0,bottom
TP15,133.23,-127.12,0.0,bottom
TP16,142.35,-73.23,0.0,bottom
TP17,141.46,-78.09,0.0,bottom
TP18,124.31,-116.5,0.0,bottom
TP19,123.85,-118.97,0.0,bottom
TP2,122.14,-72.0575,90.0,bottom
TP20,120.37,-101.82,0.0,bottom
TP21,135.16,-108.78,0.0,bottom
TP22,135.7,-105.64,0.0,bottom
TP3,122.14,-74.8675,90.0,bottom
TP4,128.08,-66.7875,90.0,bottom
TP5,126.04,-65.51,90.0,bottom
TP6,123.32,-65.51,90.0,bottom
TP7,139.46,-83.73,0.0,bottom
TP8,139.46,-80.79,0.0,bottom
TP9,130.65,-114.24,270.0,bottom
U1,120.90125,-98.82,0.0,bottom
U10,129.36,-87.76,0.0,bottom
U11,148.38,-87.08,90.0,bottom
U12,147.575,-110.13,0.0,bottom
U13,125.64,-111.22,90.0,bottom
U14,133.2925,-118.48,180.0,bottom
U15,138.825,-70.7225,0.0,bottom
U16,137.55,-75.0325,270.0,bottom
U17,120.72,-116.13,0.0,bottom
U18,128.43,-118.32,270.0,bottom
U19,132.97,-112.54,0.0,bottom
U2,116.82,-101.83,0.0,bottom
U20,129.56,-111.08,180.0,bottom
U21,138.46,-90.94,270.0,bottom
U22,134.33,-54.05,0.0,top
U3,127.49,-99.09,90.0,bottom
U4,132.73,-101.07125,90.0,bottom
U5,129.18,-105.72,270.0,bottom
U6,120.64,-106.15,180.0,bottom
U7,124.39,-72.7375,0.0,top
U8,132.0,-65.5675,90.0,top
U9,117.525,-70.7025,90.0,top
USB1,126.26,-125.68,0.0,top
USB2,142.33,-125.68,0.0,top
